name,screen_name,followers_count
Bored Ape Yacht Club,BoredApeYC,59339
Pranksy ğŸ“¦,pranksyNFT,99224
Josh Ong ğŸŒ,beijingdou,26631
Gary Vaynerchuk,garyvee,2372024
tropoFarmer.eth ğŸš½ğŸŒ,tropoFarmer,16140
Zeneca_33 ğŸŒ,Zeneca_33,27522
Beanie,beaniemaxi,51600
Câ€APÎâ€tain Trippy ğŸŒğŸ”¥ğŸ‘‘,CapetainTrippy,7396
FVCKRENDER,fvckrender,53144
âœ¨888âœ¨,Crypto888crypto,63154
Jonathan Long ğŸŒ,long,17349
BenJammin.ethğŸŒ,xBenJamminx,23502
COLÎ â„ï¸,ColeThereum,21571
Vivek (ravishanker.eth) ğŸ±ğŸ‘½,ABigThingBadly,8847
crypt0jack.eth ğŸŒğŸ‘½,Crypt0jacked,5920
j1mmy.eth ğŸ“›â›ºğŸ¦©,j1mmyeth,28174
Franklin (Peopleâ€™s Punk 349),ElectionDayMad1,6786
Jenkins The Valet ğŸŒ,jenkinsthevalet,7325
ğ•µğŸ•Šï¸ Lukevich.eth ğŸŒ,JLukevich,6900
âœ¨ ğŸ âœ¨,YatMuseum,6042
Ghxsts | NFT Collectibles,Ghxsts,21143
LeBored.eth,LeBoredJames,7774
JMT-NFT ğŸŒ,jmt_nft,4515
OpenSea,opensea,258691
NFTsAnonymous.eth,NFTsAnonymous,10149
artchick.eth ğŸ”¥ğŸ‘ ,digitalartchick,42855
King BlackBored ğŸ´â€â˜ ï¸ğŸ‘‘,KingBlackBored,6522
LouiÎ | apefollowape.ethğŸŒ ğŸª¦,louachu2,4897
ShrewdCharlie ğŸŒ,ShrewdCharlie,4785
dingaling,dingalingts,16298
NFT Spicoli,GutterAssTiny,7864
DeeZe,DeezeFi,35524
Sir Vincent Fred ğŸŒ,SirVincentFred,8578
Gutter Cat Gang,GutterCatGang,17214
Dragonseller ğŸŒ,dragonseller88,4520
Ryan | rdm41.eth Î,RDM_41,5198
beeple,beeple,407358
metazig.eth,Ape4249,3335
Loopify ğŸ§™â€â™‚ï¸,Loopifyyy,52774
Jiro,JiroNFT,4548
ChrisUniverse.eth ğŸªğŸ¦§,ChrisUniverseB,9726
PUNKS Comic,punkscomic,15534
gmoney.eth,gmoneyNFT,49677
BourbonğŸŒ,AlohaApeGang,3992
APE_G4NG,ape_g4ng,3370
Trevor4everğŸŒ,Trevor4ever210,4330
Bored Becky,iamboredbecky,5060
Paper ğŸŒ,paper_ape,3482
NooFooToo.eth ğŸš‚,NFTChooChoo,3124
Dario De Siena,Dario_Desiena,15237
Ape5170ğŸŒ,sincity_29,3897
ğŸŸ£MarkğŸ€TroutmanğŸ‘½,markatroutman,3930
Baron Von Hustle,TheeHustleHouse,14193
Balou.eth,Balou_5569,3245
CryptoBonesy,BonesyCrypto,3340
Bored Cyborg,JSwinz,2839
NFTPrince,NFTPrince,4985
Christopher Smith ğŸŒ,csmithSEC,7564
aCrazyMonkey ğŸŒ,Ape8344,2659
girldad,girldadNFT,13085
MrAlan ğŸŒ,mr_alan6,3151
Hunter,Hunter_NFT,8667
Bored Ape CaesarğŸ¥’,BoredApe6271,3777
MAJOR,MajorShankEm,6412
corporate trash âœ¨,corporatetrash1,4939
owylee.eth ğŸŒğŸ‘½,owylee_eth,3340
RangerDave ğŸŒğŸª¦,RangerDave10,2673
Sheep,sheepeth,3032
MR. BAYC | FÎLD ğŸŒ,Beept4lk,3332
Cool Cats ğŸ†’ğŸ±,coolcatsnft,19480
Pajama Sam ğŸŒ,pajamasam39,2585
Richard Vagner ğŸ»,RichVagner,4450
Cammy,Cannonballcam18,3027
RareGarbageğŸŒ Bored Ape #9823,GarbageRare,2529
Slam Diego NFT Zoo,SlamDiegoZoo,3012
gingershavesouls.eth ğŸŒ,BoredApe5625,3757
Larva Labs,larvalabs,50053
Vee,thedigitalvee,6851
MushLove ğŸŒ,half_ape,2447
theFrenchie.eth ğŸŒ,thefrenchie_eth,2643
themariokarters.eth,themariokarters,10906
Bb8pe ğŸŒ,ape2616,2570
Art Blocks,artblocks_io,36733
chicka.eth ğŸ’¥ğŸ£ğŸ’¥,chickaNFT,3876
huntÎr ğŸ”¥,hunterorrell,9370
NFT Boomer ğŸ’ğŸ¤ğŸ–ï¸,NFTboomer,2931
Metaverse MogulğŸŒ,MetaverseMogul,2769
Muumiopappa,Muumiopappa,2926
The Sandbox,TheSandboxGame,160725
5511 ğŸŒ,BAYC5511,3320
Daybed.ÎTH,DaybedNFT,2681
4156,punk4156,32823
Travis the Ape ğŸ¦â˜ ï¸ğŸ¦,TravisTheApe,2535
danieltorres.eth ğŸŒ,SwoleLuksoBags,3502
Manic NFT collector,5333Ape,3050
Daggerhigh 2794 ğŸ•,dagg3rhigh,4281
Ape or Die LFG! ğŸŒğŸ›–ğŸºğŸ‡ğŸ˜ºğŸ‘½â˜ ï¸ğŸ’€ğŸª´ğŸ¥’ğŸ¦,ApeorDie1,2736
roham,roham,52858
DANNY,seedphrase,53308
RTFKT Studios,RTFKTstudios,38309
MacUhtack.eth,MacUhtack,2503
SilverFir NFTğŸŒ,SilverFir18,2815
RickÎ ğŸŒâš½ï¸,rickeccak,2125
cj,VLassall,3040
Justin Taylor,TheSmarmyBum,22994
Miley,ApeMiley,3993
ğ–—ğ–Šğ–ğ–‰ğ–”.ğ–Šğ–™ğ– ğŸ”«,reidoNFT,36705
danzi11a.eth ğŸŒ,danzi11a_nft,2411
ğŸ—³4ï¸âƒ£ğŸ§,Vote4Pudgy,2589
Devin The Dude ğŸŒ,devinthedude07,5131
Apeiana Jones ğŸŒ,AJPokaPlaya1017,2467
codyandgiağŸŒ,codyboston19,3052
1K | 0001K.eth,BoredApe1000,2490
brian suazo,briansuazo6,2496
Will // Krimson.eth // Ferrari Stables,BoredApe1974,2528
NotKatarina.eth,not_katarina,3416
FaiithJosh ğŸŒ,Faiithjosh,2444
âœ¨Alfie Taoâœ¨,AlfieTao,3784
ğ™¼ğš˜ğš›ğšğšŠğš— ğ™»ğš’ğš—ğšğš˜ğš— ğŸŒ,morganlinton,10493
Srini #â¤ï¸ğŸ’œğŸ’šğŸŒ,srinigoes,6059
yao,endofsolipsism,2749
Wicked Craniums,WickedCraniums,16106
Alexyz John ğŸŒ,ajthegreater,2550
Kenshiro,Kenshiro_NFT,12162
ğŸnathanhead.ethğŸ,NathanHeadPhoto,11762
FaZe Banks,Banks,2807348
AstroApe.eth,AstroApeJeremy,2409
Toy Boogers ğŸŒğŸ¤–,ToyBoogers,2753
Jaymes.eth,JaymesWestfall,4303
Nate Chastain (natec.eth),natechastain,11599
voltura.eth,BAYC2745,2227
Matty,DCLBlogger,68600
andy,andy8052,25803
ETHNick.eth ğŸŒ- ğŸ‘ğŸ¤¯ğŸ‘,NickJames2021,2124
HelsinkiMysticğŸŒ,HelsinkiMystic,2197
Boho ğŸŒ,bohoboredape,2042
Disco MÃ¼de ğŸŒ - 2151,SoapBoxCar,2195
Dez Bryant,DezBryant,3466075
Farokh,farokh,20844
Doubleuwjr-Warren Watson ğŸŒ,Doubleuwjr,3729
Bigeazy,EricLGarcia,2224
The Alien Boy ğŸ‘½,TheAlienBoyNFT,10650
oohboyJ.ethğŸŒ,OohboyJ,2132
boredguy.eth,boredethguy,2574
Machi Big Brother,machibigbrother,10907
MilkAndCookies.eth ğŸªğŸ¥›,milkman_cookies,2121
NiFTy Nate â­•ï¸ğŸŒğŸ‘½ğŸ¦†,NateNft,2169
Tequila ğŸŒApe #7280,Tequilapixel,2249
Mr. Bob,mrbob_NFT,2447
Captain Zwingli ğŸŒ,ChrisJourdan,3550
Rusty,rastinukas,1942
Professor Jasper,ProfessorJasper,1808
StormğŸŒª,CryptoStorm__,8556
markshaw.eth,markshaw,27765
Cashtronaut.eth ğŸŒ,Cashtronaut1,2952
XCOPY ğŸ´,XCOPYART,40474
vitalik.eth,VitalikButerin,2278960
RÎ›MIN NÎ›SIBOV,RaminNasibov,683011
stew.eth âœ¨ğŸŒâœ¨,stew_eth,2586
7357 ğŸŒ,Ape7357,2367
DeadHeads ğŸª¦,DeadHeadsNFT,14497
CarsonTurner.eth ğŸŒğŸ¦,carsonpturner,1949
Paul.jpg ğŸŒ ğŸª¦ğŸ’€,ArtHouseGarbage,3689
Alex (Moo)ğŸ‘»ğŸŒğŸ®ğŸ„,moocowsrcute,3106
Janky Warhol,Crypt0VC,3854
freshdrops.eth,freshdrops_io,2801
Flegz ğŸ¦§,Flegz_theApe,1971
BlueBadger,BlueBadger2600,2156
NateAlex,NateAlexNFT,35414
Grape ApeğŸ‡ğŸ¦§ ğŸŒ,Hobojo86,2165
â­•ï¸ Dr. J ğŸŒ,DrJ_NFT,1974
foryet,Foryet2,1982
Vandy ğŸŒğŸ¦‡ğŸ”Š,Vandy1518,1911
Shane IannelloğŸŒ,FettyWop_,1972
ğŸ‡¨ğŸ‡­ Lucrafund.eth,lucrafund,11121
JacobMeyer.eth ğŸŒ,Jacob___Meyer,3781
snob.eth,Snob_ETH,1949
Michael Thang,michael_thangg,1871
Samwise the Blind ğŸŒ,SamwiseTrades,1798
Hyperion,hypercryptology,2361
Turk ğŸŒ ğŸ’­,TurksTokens,1837
BakedApe.eth ğŸŒ²ğŸ”¥ğŸš€,BakedApeETH,2020
Martin Paulini,mopo680,2371
JxhnnyRxqğŸ’Jahbless.eth,TheJroq,3526
The Party Machine ğŸ†–ğŸ…±ï¸ğŸŒ,extragramken,5461
Chris // justmakeshit.eth,justmakeshit,3946
House of Kibaa,HouseofKibaa,5588
EastCoastNFT,uknow224,2208
fonduÎ ğŸŒ,jessew_art,4072
LokaGG - BAYC #4783ğŸŒ,LokaGG1337,1872
Aleks Kay,AleksKay_,1720
Twix ğŸŒ,TwixNFT,2141
Nezbong,NEZBONG,2297
justinaversano.eth,justinaversano,15428
ZÎD RUN ğŸ,zed_run,42431
Jack Nefty ğŸŒ,ape7458,2403
cryptowass.eth,CryptoWa55,1974
maxnaut.eth,maxnaut,3910
j.ayran,JacquelineAyran,2668
fxnction,0x_fxnction,9486
joeg dealer ğŸŒ,BAYC9689,1842
GucciApeğŸŒ,Rxdha1,2150
smokethatdank,smokethatdank1,2361
ngbshpend.eth,NGBxShpend,2630
pauleta23 ğŸŒ,pauleta231,1950
SincrossX.eth,SincrossX,2175
NBA Top Shot,nbatopshot,249356
0xWave,0xWave,2896
David Goldberg ğŸ¦™,davidrgoldberg,11045
nftbros.eth,nftbros_eth,1651
Zac,zAPE333,1763
Stylebender,Stylebender_NFT,1882
ğŸ…²ğŸ…¼ğŸ†ˆğŸ…ºğ•£ğ•ªğ•¡ğ•¥ğ• .ğ•–ğ•¥ğ•™ ğŸ¨ ğŸŒ,CMYKrypto,1890
SLiven,ShaneLiven,3017
Ordinary Apeâ€™s NFT Gallery,OrdinaryApe_eth,3361
richerd,richerd,13077
na$hty,nashty_SunsFan,3128
FEWOCiOUS,fewocious,53037
Daniel G ğŸŒ,DanielitoG25,1881
BobAmor.eth ğŸ‘ğŸ”¥ğŸ‘,BobAmorMusic,6439
AperahamLincoln ğŸŒ,CaptainAperaham,1979
Apelicious,apelicious55,1869
leftlost.eth,LeftLost4,6758
Pat,Tank_Hankerous,2936
cryptomoron ğŸŒ,Cryptomoron_,2844
Sand Vandal,SandVandal,1796
tortita.eth ğŸ°,TortitaTrades,2291
iJackie.eth ğŸŒ,iJackie_eth,1795
Mahoneyjr,Mahoneyjr,1514
bigdog_brothersğŸŒ,bigdogbrothers,3104
NFT Art Collective,NFTartCo,3272
SKRELLi PRODUCTiONS,skrellididit,1555
ZÎNFT Garden Society ğŸª´,zenft_,7652
JFranchise12ğŸŒğŸ±ğŸ’€,JFranchise12,1860
dochustle.eth,doc_hustle_,1979
cryptoboomer.eth,SKYCRYPTOBOOMER,1734
KÎnny thÎ à¸¿utchÎr ğŸŒ,K3nnyth3Butch3r,2013
Meirav Haber ğŸŒ,MeiravHaber,1958
KÎNJI ğŸ‰ğŸ”¬ğŸˆ,kenji_ball,1827
Chris Wahl,chriswahl73,8767
ZK85,ZK85NFT,3076
Nifty Gateway,niftygateway,124787
apÎ in a coupÎ ğŸŒğŸŒ³|ğŸ¦‡ğŸ”Š,apeinacoupe,1520
Itchy ğŸŒ,boredape5542,1445
MasterBuZ,Metaciple,4384
Baboon Bass Club ğŸŒ,BaboonBass,1526
BoredApe2474,BoredApe2474,2703
bored ape,eltonhenderson,1810
Chas Warden,WardenChas,2066
iRiSh,Science_Qs,3112
ğ‚ğ‹ğğ’Îğ“ğÎğ‘ğƒ.eth ğŸ¤ ,ClosetNerd,2321
haymish.eth,andyoudeadright,1762
aliq.eth ğŸŒğŸ¦‡ğŸ”Š,aliqutmiera,1933
Grant Flannery ğŸŒ,grantpat,3229
madisonğŸŒ¸,madisonoliviaa_,3032
Ape Gallery ğŸŒ,TheApeGallery,1991
Rarible,rarible,187605
Bored Ape Collector ğŸŒ,ApeCollector,1633
BoredChairman.ethğŸª¦,Realm_of_Crypto,76745
Crypto NFTs ğŸš€ğŸŒš,CryptoNFTs,3652
Skip Apeless,NFTgunny,1476
EL BLON ğŸŒ,CBluntz,1556
Ondra.eth ğŸŒ,ondra_eth,1429
Sir ApesAlotğŸŒ,BoredApe9164,1819
SnitchLineNFTğŸŒ,SnitchLineCo,1533
Erick / Snowfro / ğŸ”± / ğŸ¦© / LAO / â“‚ï¸ / #ï¸âƒ£,ArtOnBlockchain,22456
Reedotorpedo ğŸŒ,reedotorpedo1,1913
BIG MÎÎSH ğŸŒğŸ€ğŸ•ğŸ‘½ğŸªğŸ’€ğŸ˜ğŸº bigmeesh.eth,BigM33sh,3932
BoredApe#5349ğŸŒ,SuitedUpKurt,1467
Deanikk ğŸŒ,Deanik_k,2133
AirWalk ğŸŒ Ape 2092,AirWalk009,1520
CocoBrown,j_oe167,1452
DCinvÎstor,iamDCinvestor,76913
ReapÎr ğŸŒ,Reaper_NFT,1942
Rish,ILikeNFTs,2620
smitho.eth,iamsmitho,3715
8uddha ğŸŒ,young8uddha,1683
EastCoastNFT.eth | ğŸŒBAYC #2829,EastCoastNFT,3243
NFT Giveaways & Promos,NFTshills,14339
Axie InfinityğŸ¦‡ğŸ”Š,AxieInfinity,394385
razrbckNFT,razrbck,1449
Laser Monke ğŸŒ,LaserMonke,1414
jjust ğŸŒ,JustBoredApe,1932
MrMiracle.eth ğŸŒ,mrmiracle1984,2294
Imtiaz Kibria ğŸŒ,imtiaz_kibria,3238
WhaleSharkdotPro,WhaleShark_Pro,46003
Bernardo,bernardo_cafe,4141
KingTrippyğŸŒ,kingtrippy5116,2459
CryptokrAuS,CryptokrAuS,1747
NFT Update,NFTupdate,34769
Animetas,Animetas1,14008
dc,jitterypixels,3144
DANIÎTH,daniel100eth,7143
â–½,3LAU,210311
The Deadstock OG ğŸŒ,TheDeadstockOG,1625
JohnYi.eth,JohnYi09,3220
Drew Austin ğŸğŸ€ğŸ¦§ğŸ–¼,DrewAustin,8989
Spottie WiFi *Album Drops Today*,SpottieWiFi,5411
Michael Keen NFT Catcher ğŸŒ,NFTicket,3850
WTBCoin.eth ğŸŒ,WTBCoin,1465
Jerseyborn.eth ğŸŒ,SeanSemola,3135
Allen Hena,RealAllenHena,19939
The NFT Gorilla,thenftgorilla,1393
cryptosoldier1.eth ğŸ¦‡ğŸ”Š,CRYPTOSOLDIER1,1435
Ape Vandelay,PoundHoundsNFT,1584
Jinzo,JinzoNFT,1804
BigSexyBartolo,BigSexyBartolo,1573
bunchu.eth,BunchuBets,4546
OhhShiny,AxieKing,20379
sneakerdad ğŸŒ,sneakerdad25,1752
Sully,SullyGoFast,1683
Shiven,shiverrrrs,1558
ETH Stinker,DirtyCryptoApe,1447
onenine.eth ğŸ¥ƒâ•ğŸº,kdonenine,1677
cr0ss.eth,cr0ssETH,3424
Matt H,ilovemattyice,8631
ğŸ” mtnman.eth ğŸ”,mtnman_eth,1405
jetset J ğŸŒ,jetsetJ3,2015
SpaceLab.eth ğŸŒŒğŸ§ª,SpaceLabCrypto,2586
Walshy.eth,Walshy_Eth,2126
SuperRare ğŸ’,SuperRare,128833
Huey Stochastics,HueristicalStoc,1808
3901ğŸŒ4746ğŸ±,real3901,1653
jeffnicholas.eth ğŸ™ğŸ¼âœ¨,_jeffnicholas_,5604
PlungeFather.ethğŸª ,PlungeFather,14312
ChungusPrime_NFTCollector,shot_collector,3398
Roman,RomanTirone,3659
SmellSweet.eth ğŸŒ,smellsweeeeet,1272
Boomer,MikeBoomhour,1459
rich,NoKapRich,5571
LuckyManeki,LuckyManekiNFT,8550
Nametag,nametagtweets,7511
ChamomileNFTea,NfChamomile,1633
CryptoPunks Bot,cryptopunksbot,40795
âš¡ï¸Artistâ€¢NFTs âš¡ï¸,sickpencil,4707
Lord Truffington,LTruffington,2935
Lab Max ğŸŒ,LabMax,1349
ixzo#7993,ixzooo,1794
SilvaNZ.eth,ASilvaNZ1,1640
NFTBoxes.io,nftboxes,18834
ADADHESRAD ğŸŒ,adadhesradtops1,1730
SimplÎ NFT,SimplyNFTs,1731
cedssim.eth,CedsSim,1532
GL1TCHğŸ¥,GL1TCHYGL1TCH,2874
BASSJACKERS,Bassjackers,346550
Fox/SlightlyğŸŒ,foxslightly,1558
Steve,day25,8771
FFVV1211ğŸŒ,FFVV1211,3522
JUSTIN,justintrimble,38183
Ape 2849 ğŸŒ,ape2849,1257
jeffalomaniac.eth,jeffalomaniac,4660
Evaluate.Market,EvaluateMarket,25748
ApeofPoland,ApeofPoland,2033
Kylo.eth / APE DAO,Kyloren_NFT,11273
Sillytuna ğŸ’¯,sillytuna,15176
erock.eth ğŸª¨,leafericsun,1745
BYOPills ğŸ’Š,BYOPills,7578
Irina Liakh âœï¸ğŸ†•ğŸ¼,IrinaLiakh,6869
heyyovico.eth,heyyovico,2923
moondog.eth,MoondogIRL,3943
Scalynelson,punk3178,6946
sartoshi,sartoshi_nft,9264
squirtle.eth,squirtleth,15809
BlackKettle.Eth,B1ackKett1e,1704
Keyboard Monkey,KeyboardMonkey3,60182
myrugema.eth,MyRugema,3597
TheFirstMint,TheFirstMint,55308
NFTDarling,NFTDarling,1700
KÎvin Râ—se,kevinrose,1570218
Adam Falah ğŸŒ,adamfalah19,1426
ğ•¬ğ–“ğ–‰ğ–—ğ–Šğ–œ ğ•¸ğ–Šğ–‰ğ–†ğ–‘ ğŸŒ,AndrewMedal,13756
Ape6068.eth,ape6068,1370
Black Flag ğŸ´â€â˜ ï¸ğŸ,blackflagdomain,1659
VOID - The Visitors of Imma Degen,ImmaDegen,8647
0xBoredApe |ğŸŒğŸ¦§ğŸ”¥,0xBoredApe,1435
DRINK WATER,HYDRATEDKIDDO,1177
0xSimon ğŸŒ,0xS1MN,1111
rhymeten,rhymeten,1891
NFTNick.eth,allnick,17639
WEEZY,twallace1010,1403
doost.eth ğŸŒ,GuiltyPressures,1378
mikethree.eth ğŸ˜‚,mikethreezy,7330
Fractional,fractional_art,17200
Hackatao,Hackatao,29729
SkyJack,SkyJack80345612,2425
kraytrain.eth,KrayTrain,1784
Pokey,PokeyNFT,1743
Cheetah Baby,TodorokiNFT,1633
Hirshy,boredHirshy,1460
dropacid.eth | BAYC #1727,dropacid8,1818
5592,4two25,1304
Ape Ventura - NFT Detective,NFTonebone,1332
The Dons ğŸ©,NFTCryptoShark,11589
NFT Wear,NFTWear1,1455
Chris,unitedforlife86,1420
Jepbar.eth ğŸŒ,jepbar,1349
mistcop.eth,mistcop,59961
Gabe Weis,GabrielJWeis,8210
rarity.tools,raritytools,12191
XBOT (Hiren Patel) ğŸŒ ğŸ¦ ğŸ‘½ğŸ±,QualityNames_,3692
âŸ âŸ âŸ  tommyk.eth âŸ âŸ âŸ ,tommyk_eth,11918
Boeboebs ğŸ´â€â˜ ï¸,boudinodejong,2977
Jennifer,jennifer_sutto,10711
Foundation ğŸŒ,withFND,131754
Dapper Labs,dapperlabs,76782
paradiseloren,paradise_loren,2061
KRHFT Trading Co,KRHFT,4338
1stmint,1stmintnfts,1807
GxngYxng | NFT Artist,GxngYxngNFT,6087
VickijEthğŸ‡¬ğŸ‡§ ğŸŒ,VickijEth,3327
zero_edge.eth,zero_edge_eth,2012
Bored D. Ape,hex2tr3_,1855
Dylan Mayoral,DylanMayoralNFT,3990
Greg Murray,_GregMurray,14114
Bored Ape Pixel Club,BoredApePixelCl,3786
2legit2quit.eth,2l3gi72qui7,1826
Leo,Crypto_Ape_Leo,1243
kibaa.eth,kibaa_hok,5027
Moon Zaddy,ApeZaddy,1167
artguy.eth ğŸŒ,cyrptonaut,1290
BossLogic,Bosslogic,457379
Javier Lovato ğŸŒ,JavierLovato127,1431
Cap Kittle,CapKittle,1295
Adam LevyğŸŒ,Roothlus,21491
Myrcene Queen,Crypto_Kush_,1258
BoredAÌ¶pÌ¶eÌ¶Artist ğŸ‘©ğŸ¼â€ğŸ¨ğŸ’‹,BoredArtist3161,1530
JJ LANÎ,jjhlane,46830
I am gmi,McApeski,1455
cyberh49.eth,cyberh49,4700
Goozy ğŸŒ,GoozyNFT,1684
VonMises,VonMises14,11469
DKsNFTdreams,Gcg65375356,1191
cobie,CryptoCobain,422786
0n1 Force,0n1Force,10242
jimmybags,jimmybags_,1894
Lord Anthony Apealot,LordApealot,1044
Cheetah Cowboy,MetaverseWorld,2584
Mindsblade,Mindsblade,3179
BoBill.eth,bo_nft,1113
Brian (aka Dub) ğŸŒğŸ˜¼,RotoDub,2094
Christian Dittmeier,Christian_Dtmr,1261
SuperYeti,super_yeti,5648
The Pixie,The_green_Pixie,1231
Sophisticated Art Speculator,SpeculatorArt,4547
SÎRGITO â“‚ï¸,sergitosergito,7149
Alpha ChadğŸ™€,2MuchQE,1552
paarti.live,PaartiLive,1103
MCelio,MCelio5,1222
VoxoDeus,voxodeus,8348
Mr. Linus Caldwell ğŸ´ğŸ‘¨ğŸ¼â€âœˆï¸ğŸŒ,LinusCaldwell5,1360
APE WILL THRIVE,CRYPTOPRISONAPE,1021
HPS,s_nh_l_m,1188
DanHenney,DanHenneyy,1064
designer,chriswallace,14286
comfydevil.eth,comfydevil,2218
taylor.wtf,TAYL0RWTF,7557
Freeze Dry Chief,freezedrychief,10804
VeeFriends,veefriends,27479
kimonohoe ğŸŒ,kimonohoe,1055
Michael21ğŸ¦‡ğŸ”Š,ArchMichael21,1305
Decentraland,decentraland,159000
VirtualToast.eth,ToastVirtual,2508
Aqueento,TLoftonJr,1060
karmacowboy,RasmusGroenning,2037
BEAST NODE ğŸŒ,_BeastNode,1194
Doxia Studio ğŸŒ,DoxiaStudio,2434
NicolaasKaas,NicolaasKaas,1163
Dieter Hofmann,DieterHofmannn,1806
Bryan Brinkman,bryanbrinkman,27612
shortsightedsheep.eth,shortsightsheep,2032
Shadowy Super Hodler,cryptoap3,1166
Anon A. Mister,anonamisterNYC,1074
GeeS24,S24Gee,1248
hicetnunc2000,hicetnunc2000,40518
technÍ­oÍ¤vÍ¨eÍªins â˜ï¸â„ï¸â˜ï¸,GirlWhoShivers,4056
Zoopa,Cents2Sats,1177
ğŸ‘â˜ ï¸ğŸ‘ FastEddieGloor ğŸ‘â˜ ï¸ğŸ‘,fasteddiegloor,1344
Not so Interesting,InterestingNft,1175
Bored Stuntinâ€™ Ape ğŸŒ,ApeStuntin,927
flockeet ğŸŒ,flockeet,1183
GratefulApe.ethğŸŒ,GratefulApe_eth,1979
RatMan ğŸ“ğŸ¡,TheZManz33,2031
PirateCheetah.eth,pirate_cheetah,1431
DadReflÎx,dadreflex,1870
CHRIS COGÎR ğŸŒ,_Coger,2282
berke.eth ğŸŒ,0xBerke,1648
Galerie de Thomas.ETH,Thomas_jimmy12,1866
SupportvTurtle.eth ğŸ¢ | ğŸŒğŸ‘½,SupportvTurtle,1033
JRNY Crypto,JRNYcrypto,368794
Female NFTart Gallery ğŸ–¼,Female_NFT,1184
//Citypulse,citypulse88,1312
instagraffle ğŸŒ,CrackaJacka14,997
clon,cloncast,6727
Royal Society of Players,RoyalSocietyOP,4869
mbnatz.x,mbnatz,1078
Dolo ğŸ’ğŸ¤Ÿ,DoloNFT,3844
Nies,NiesJin,1473
kryptokid.eth,Frankie64822419,1132
Karma Pocket,karmapocket,1604
PROBCAUSE,ProbCause,14745
Ethlings,ethlings,4158
CZ ğŸ”¶ Binance,cz_binance,3205478
Cryptovoxels,cryptovoxels,43838
Jacob Martin,thenftattorney,3473
Daddio.eth,DaddioEth,1193
John Kane,few,1085
âŸ PalisâŸ ğŸ,curvethots,7741
RYANT,realRYEONES,918
Pomp ğŸŒª,APompliano,1088624
cyber.eth,cyber_eth,2050
TBALLER.eth,T_BALLER6,1332
Dogs Unchained,Dogs_Unchained,8986
Hyperspek,hyperspek,2121
Binance,binance,4792363
Andrew Wang,andrwwang,10955
YahtzÎÎFish.0x,yahtzeefish,1460
Michael Johnson | tagline.eth,MJohnson_CJ,1728
DoofyRacing.eth,Doofy_Racing,5204
Polygon,0xPolygon,593485
loquadsğŸŒ,loquats6666,1058
mrjosco ğŸŒ,mrjosco,1608
simplehabitz.eth ğŸŒ,simplehabitz,1445
goldswagger.eth ğŸŒ,jakypoo182,1237
bored ape 6499,6499Ape,1216
flong.eth ğŸŒ,flongie,2833
FREEGAS.eth,_FREEGAS_,1991
Brunksy ğŸŒ,Brunksy,1085
Star Sailor Siblings â­ï¸âš“,NFTSiblings,8211
JRArtSpace.eth,JRArtSpace_NFT,10969
mike barth,mikebarth11,1290
Marcus Ruio,MarcusRuio,967
Pringles,pringlesNFT,2447
heezy,heyoheezy,1272
TheKooj.eth,The_KOOJ,1465
Dave ğŸºğŸ,davepnft,2911
Stoner Cats,stonercatstv,11528
2513 ğŸ”¥ğŸ‘ï¸,punk2513,2315
Marcus | direkkt.eth ğŸï¸,direkkt,2596
Ridnickulous,Cards_R_uss2,1528
ChrisTheDuckManğŸŒ,ChrisTheDuckMan,1181
Mr Trapie,MrTrapie,969
Sean Kelly,seankelly25,26137
Daryl MorÎy ğŸ—½ğŸ€,dmorey,291654
aaroniito,aaroniiito,1155
JoshLanger.eth ğŸŒ,JoshLanger,1153
Benyamin | benoni.eth,ObiWanBenoni,6764
ğŸŒğŸ¦KiwiCollectorğŸ¦ğŸŒ,KiwiCollector,1131
Pak,muratpak,208729
Duncan ğŸ©,DuncanRogoff,5576
Bored KC ğŸŒ,boredkc1,1169
Tom Sachs: Rocket Factory,tsrocketfactory,8550
Shwaz.eth,theycallmeshwaz,1410
boof,boofyBurner,994
Steph,StephSutto,10916
Wynn Lemmons,WynnLemmons,895
Ronin The Director,RoninDaCC,8677
NickğŸ¦‡ğŸ”Š,nickryg,1457
wsavas.eth,wsavas,11811
Gabriel Guerra Bianchini,GGBIANCHINI,3031
Fast Food Low Effort Baby Phunks,KingShitPunks,1727
defi-bags,Ape_y_Fi,1927
Sgt. Wxffles ğŸŒğŸ±,bo_gmnl,1581
FreddykilledCarusosMissingHair,CarusosHair,1034
Ape 2520 (Cody) ğŸŒğŸ‘»ğŸ‘¹,kryptickirby,1913
ApÎDogPaul,ApePaulGaultier,935
Cyber,oncyber_io,8373
Michael Saylorâš¡ï¸,michael_saylor,1458098
Big Boss ğŸŒğŸ¦,BigBossNFT,2241
PrepsToThePros.eth,PrepsToThePros,3449
NonFungibleTimğŸŒ,NonFungibleTim,987
Andreas,smems_,1315
Papa Ernesto ğŸŒ,niftypins,1076
MrAxie HAVA,MrAxiee,14156
Jadyn ğŸŒ,Jadynh85,942
0x0rtaz,nftcollector15,34809
theJudeAbides.eth ğŸ‡ªğŸ‡¹,sjude09,1183
Honey,baychoney,947
Adam Fisch,keepfischin,2461
ProofofSwag.Îth,ProofSwag,916
shinny.eth,shinny427,2843
Jaknova,Jaknova1,1192
crk10.eth,crk_NFT_,989
Fresh,mrfreshasian,1106054
HÎLiX ğŸŒğŸ¦‡ğŸ”ŠğŸ‡ªğŸ‡¹,0xHelix,1213
Don StClair ğŸŒ,MonsieurMacD,890
bizzious.eth,bizzious,1770
Chris Rawk ğŸ¦ğŸ’€ğŸ¥’,rawk_at,1264
Doktor Krabba,Doktorkrabba,1657
Carlini8,Carlini8N,6397
MetaPixels | Bored Ape #2219,metapixels_,1344
Metaverse Headquarters,Metaverse_HQ,6809
rootbear ğŸŒ,root_bear_,995
Andy Booth,360,5321
Mixamix ğŸŒ,CryptoGeri,820
MikÎ,mikedamazo,3039
Doc ğŸŒ,doc4_f,816
nils116.eth,nils116,970
bobbyhundreds.eth,bobbyhundreds,89858
BonnieLass,BonnieLass88,1256
Tupac Shakpurr,JustSayMachin,1079
Street Bored Ape Yacht Club,StreetApeYC,1259
Bored Ape Ladies Club,BoredApeLadies,1194
John Watkinson,pents90,14479
Bharat Krymo,krybharat,16568
NFT Girl ğŸ–¼,NFTgirl,41411
FidelHashtro âš” ğŸ’ ğŸ¦…,FidelAl19,1167
Divine Order of the Zodiac,TheDivineZodiac,6922
Benjamin Penkert,bpenkert,2286
BIG DOG,MoonOverlord,139160
Kent Grimsrud,grimpak,1060
DesertMinter.eth ğŸ‘½,DesertMinter,2706
Mike Segal,micsegal,1141
MartyNFTMcFly,MartyNFTMcFly,994
Your Next NFT,YourNextNFT,1080
Mxrk2036,Mark2036,1233
ğŸŒ Wade ğŸŒ,Ape1683,1000
Versus-Meta,VersusMeta,843
Mr. Fox,F4ntast1cMrF0x,1054
boredape93,boredape93,1629
pullparadox,pullparadox,874
Boris Vagner,BorisVagner,1100
Chicken Derby ğŸ£ğŸ“ğŸ,bitlovincom,12370
MakersPlace,makersplaceco,66210
Kyokill ğŸï¸ğŸ¥½ğŸ¦¾,kyokill_,3283
MomentRanks,MomentRanks,18117
Squirty.eth,uniqueNFT,1256
greggainorphotoğŸ›¸ğŸ›¸ğŸ‘½,ggainor,1545
PÃ¶e Ker ğŸŒâ€keyâ€,I_thinkIcan,1259
Bored CP8876,kcjonesrodeo,1431
DV ğŸŒ,ETHdv,2442
Ape with a Beanie ğŸŒ,ApeWithaBeanie,799
JaznNft,JaznNft,877
Tyler Winklevoss,tyler,833841
TedsLittleDream,TedsLittleDream,5026
Bored Elon,BoredElonMusk,1752493
AlexğŸŒ Smart Contract Machine,JeramWong,1131
Claire Silver,ClaireSilver12,8539
TyronePost.eth ğŸŒğŸ˜‡ğŸŒ (1C4RU5â„¢),tyronepost801,1821
MarketCyclesğŸ“ˆ,JS_Marketcycles,940
Trent ğŸŒ,mrt102,835
KnownOrigin.io,KnownOrigin_io,50640
Coinbase,coinbase,3051949
wahoo.eth,WahooPunk,728
Bloom Capital,BloomCapital_,8385
fivesixfivenine,fivesixfivenine,1241
Jordi Mora,JordiMoraArt,2296
Zac Franklin ğŸŒ,zacfranklin,891
flyabstractartğŸŒ´ğŸ¹ğŸ’ğŸ¹ğŸŒ´,flyabstractart,3772
egs5000ğŸŒ,cryptoETC,1052
Metavelliott,metavelliott,1789
BoredApeArtClub,BoredApeArtClub,1347
Bread ğŸ¦†ğŸ¦,mf_bread,1630
SAM F / DR WOKE,DJSamF,26977
bayc9029,bayc9029,955
StronkWonk.eth,stronkwonk,1111
3thirty3.eth ğŸŒ,3thirty3tv,1096
Top Dog Beach Club,TopDogBeachClub,7980
MxCDeFi,AnFearAirgid,1064
Avastars,AvaStarsNFT,13918
6th,6thmanto,766
timeless8.eth,timeless811,1670
RealMissNFT,RealmissNFT,36086
Stakataka.eth ğŸŒğŸ§,Stakataka9,758
m3dblue98 ğŸŒ,M3DBlue98,872
nostroğŸ¦‡ğŸ”ŠğŸ”®,NostroEth,1599
Painted Ponies ğŸ¨ğŸ ğŸ¨ğŸ‘½ğŸª¦,painted_poniez,1106
ARTIFACTÂ®ï¸,ArtifactNFT,1404
William â—‘ ğŸŒ | ğŸ¦‡ğŸ”Š,WakingCosmos,2467
Song Choon ğŸŒ,songchoon,1673
Puff â€œKazoo Hefnerâ€ğŸ”¥ğŸ’¨,PuffYatty,1676
Abhiram Bangaru (Starlord) ğŸŒğŸ´â€â˜ ï¸ğŸªğŸ±ğŸª´ğŸ¥šğŸ¤–,AbhiramBangaru,5710
Peruggia,peruggia_v,14653
NFTofer ğŸŒ,tofersny,983
Peter Jennings,CSURAM88,79769
sighduck,hi_sighduck,3903
ekaitza,ekaitza_,5383
âš¡ï¸ Dommy Bunks âš¡ï¸,DW_Bunkston,855
#MambaForeverğŸŒğŸ‘½,franchisegq,1258
Giannis Sourdis ğŸ¦‰,Greekdx,22454
33,33NFT,25570
SupaFletch ğŸŒ,FletchSupa,1048
jpegmogul.eth,NFTyuki,967
Mus1tie,mus1tie,1234
Luis,100xluis,1624
Nacho Figueras,nachofigueras,22702
Brian | kanagi.eth ğŸŒğŸğŸ‘½,bkalldayyy,857
Bradley Wale,BradleyWale,1411
Ethereum,ethereum,1504189
ChewieShotFirst,ShotChewie,2036
ApeSC17,ApeSC17,1116
Crypto Babe,Topshotbabe,13709
r_bar,r_bar_nft,1080
Zhu Su,zhusu,235674
EyesTeethFlesh.eth ğŸŒ,FleshNft,5972
TRI3ES ğŸ¹ | NFT Collection,TribesNFT,2208
nahpz ğŸŒ,nah_pz,831
Parallel,ParallelNFT,27490
Rod277 ğŸ¦‡ğŸ”Š,DeFiRod,1102
Craig Keenan,ckeenan86,919
NFT TRACKER and Collector ğŸ’ğŸš€,TrackerNFT,16160
VeVe | Digital Collectibles,veve_official,58157
LightGod,LightGod_nft,1435
Amir,mondoir,17989
aarontc.eth,aarontcadena,1232
Rabidus | rabidus.eth,0xRabidus,1293
Scot J Chrisman,ScotJChrisman,2006
spencerXsmith.eth ğŸğŸŒğŸ§ğŸ‚,spencerXsays,11999
IMCMPLXğŸ‘ºğŸŒ,trueIMCMPLX,4005
Catriona Dev ğŸŒğŸ‘½ ğŸğŸ¶ğŸ‰,NFTcatriona,2440
COIN ARTIST,coin_artist,73339
Andrew Steinwold,AndrewSteinwold,25429
YeahYeah,2Yeahyeah,7646
Mad Dog Jones,Mad_Dog_Jones,20987
Slacker Duck Pond,SlackerDuckPond,5219
Gene Huang ï½œ Bored Ape #2685 CoolCats#8634,tj5391,719
Sakura268 BAYC#2518,PerfectSakura88,949
Ducks ğŸ‘½,Ducks_Trades,1438
dav1nc1 ğŸŒ,dav1nc1___,1028
Eric Charles,echarlesss,810
Bâ­•ï¸bbyTheApeDazzlersğŸŒ,Bobbydazzlers_,877
LikeNFT.eth,LikenftE,861
Novocrypto.eth,novocrypto,2454
shariq911,shariq911,3770
Fren D Ape ğŸ¦‡ğŸ”ŠğŸŒ,EmoonLusk,850
Trevor Jones ğŸ¨,trevorjonesart,36329
adam brotman,adambrotman,12001
Moonshot Ranch ğŸš€ğŸŒ•,moonshotranch,763
ZarÃ˜,Zar0_eth,902
Lance Mcroy,lance_mcroy,877
lordilir.eth - Lord Clarence III,NGBxIlir,1027
Eve,Eve06139515,989
Alien From Earth ğŸŒ,apefromearth,989
NFT GOD,TopShotFanatic,4894
FelipeBullishNFT,FelipeNFTlover,1863
Sibel,sibeleth,4642
cryptobeaker.eth ğŸŒ,cryptobeaker,1135
NFTBuffet.ethğŸ˜¼ğŸ‘½ğŸ’€,NFTBuffet,3535
Low Mint,LowMintNFT,831
Jason L.,JasonLu99,1365
EllioTrades NFTs | (Hiring link in bio),elliotrades,246844
Bored Harang,CryptoHarang,1707
Voxies,VoxiesNFT,6842
Christie's,ChristiesInc,151964
mbsjq,mbsjq,25691
NFT Ape,hungoverape,689
ğŸ† HolaVencH ğŸŒ,HolaVencH,1161
Greis Nuccio,nucciogreis,5742
Ryan Hawthorne,Ry_Hawthorne,6331
JAMIÎ (schlig),jamiebxne,25475
Dizzy Ape ğŸŒ,FundMatch,899
JoeB ğŸŒ,jbsd123,1198
2Shainz ğŸŒ,shane0805,742
NiftyWhale,NiftyWhaleNFT,23253
â˜†Chrisâ˜†,PRguitarman,25241
Von Miller,VonMiller,459075
Steef.eth,SteefCrypto,10528
BZip,BZipNFT,1486
Flow Blockchain,flow_blockchain,80276
NFT-alive.eth,nftalive_art,682
Sebastien ğŸ,borgetsebastien,12723
CubanToast,CubanToast27,3291
Graffiti Bored Ape Yacht Club,GBoredApeYC,1214
Charlie Fox (Apes),CharliesApes,977
Coldie,Coldie,24235
Rylo Zen ğŸŒ,RyloZen,846
GoWestBTC,NiftyReport,28685
NiftySlabs,NiftySlabs,1566
Chavik.eth,ChavikAri,987
Legendary â¿,Legendary_NFT,5997
QuotidianFool ğŸŒğŸ‘½,QuotidianFool,763
Crypto Hodlers ğŸ¤,Hodlers_NFT,4980
Art of the infinite,artoftheinfinte,2235
Hashmasks,TheHashmasks,26464
HiddenCharacter ğŸ¦ â˜ ï¸ ($ALBT/$DIP/$LINK),DragonCeremony,1009
aito.eth ğŸ¥šâ¤ï¸,ThisIsAito,27368
nftowner.eth,vincentvncough,8469
tetsuo,0xTETSUO,635
GVG,TheRealGVG,1213
Lonely Alien Space Club,thelonelyaliens,13807
Patrick Wagner ğŸ„ğŸ¦ğŸŒ,patrickwagner,8020
bullishNFT,bullishNFT,1389
toldyouso,t0ldy0uso,772
Matt Kalish,mattkalish,20026
zariat,zariat,3963
Sotheby's,Sothebys,140036
ThankYouX,ThankYouX,16827
ğŸ‘‘IZZYğŸ‘‘,thelgndryizzy,10951
topshotwiz.eth ğŸ‘½ğŸŒğŸ±,TopShotWiz,2126
Uniswap Labs ğŸ¦„,Uniswap,601555
Quick Bill,Quick_Bill69,3034
MetaMask,MetaMask,238964
Aman Raturi,AmanRaturi15,1322
Urbano,urbano,1132
Gorilla Nemesis,gorillanemesis,4351
Alexander Taub,ajt,13020
johnquadğŸŒ,johnquad,636
AJ Vaynerchuk,ajv,38205
QB,qbcryptopick,1510
tgerring.eth // ğŸ¦§ğŸ• ğŸ–¼ ğŸ± ğŸ‘»,TaylorGerring,10629
Bonesai ğŸ¦´ğŸŒ³,blindmonkey,704
s.imo { swissdegen.eth },swissdegen,748
teMpoFU ğŸ’€ğŸ–•ğŸ¾,drteMpoFU,3005
Jake,JakeAndBakeNFT,3913
dan_OpenSea ğŸŒŠ,dan_OpenSea,8943
ğŸŒ DevBot ğŸŒ,DevBottington,1047
Duncs.eth,StonedApeFeary,957
NFT LOVÎ,LovNft,732
NFT Freaks âŸ ,nftfreaks,39113
yuppie.ethğŸ‘¨ğŸ»â€ğŸš€ğŸ›¸,yuppieventures,3680
Slick,Slick_NFT,2333
MeebitsDAO,MeebitsDAO,6045
Kennedy Martinez,kendude_,819
YatğŸ––,whatsyouryat,15582
apeinto.Îth likes #GenerativeMasks,BittiesRicky,1221
Enedeus.eth,Enedeus1,531
tyronejkd,tyronejkd,2877
Jessica,JessicaApe1980,1033
tre0x.eth,trebooomin,1100
TheApeRovağŸŒ,theaperova,661
Damien Hirst,hirst_official,53396
Wave ğŸ´â€â˜ ï¸,WavexPirate,1664
Astro Investor ğŸš€ğŸŒ–,astro_investor,1023
Satoshiâ€™s Mom ğŸŒğŸ¨ğŸ‘½,Satoshis_Mom,3550
Alex Becker ğŸŠğŸ†ğŸ¥‡,ZssBecker,154750
AlexisOhanian 7ï¸âƒ£7ï¸âƒ£6ï¸âƒ£,alexisohanian,415085
Jaye//MyBA,MyBA_Branding,934
Ken Malibu,KenMalibuArt,2966
Frankynines,frankynines,5270
tonyherrera.eth,tonyherrera,6626
RalphEZ ğŸŒ,ElRalphez,1365
jess ğŸ€,ButterHoops,2032
Adam Hirsch,advmhirsch,1932
ApedÎvil,ApeDev,741
SuperCoatRacing | Bud.eth,myfriendjust,919
GorillaMonkey.Eth,GorillaMonkey13,991
BillyBob Boredom,CuzznDread,3368
NFTX ğŸ¦§ğŸ•³,NFTX_,25873
"cryptoPOM (#swashbucklers, Aug 26th) ğŸ¶ğŸ®ğŸ¨ğŸ¦‘",cryptopom1,21461
Wanglu .420eth,420Eth,3791
ORSONHey,ORSONHey,3855
ğŸ¦©FLAMINGOğŸ¦©,FLAMINGODAO,16925
Slayer-R ğŸ±,slayervault,1980
Chamath Palihapitiya,chamath,1532334
BitcoinMoon.eth,BoyHowdyApe,3652
Nftea ğŸŒ,Nftea_Freal,640
Spookies,SpookiesNFT,8387
earlywormart,earlywormart1,2672
hype.eth âœ¿âš†à·´âš†},hype_eth,4171
Tony ğŸ’HGRğŸ’,TakeoffTone,1654
Marcelo.crypto,0xMarcelo,1136
Gutter NatÎ ğŸ±,NateShootsRaw,1361
EternalStruggle ğŸŒğŸ™ˆğŸ™‰ğŸ™Š,EternalStruggl5,1107
TommygunD,tommygund_nft,709
unchainedninja.eth,unchained_ninja,4473
Keith Martin,keithmartin_io,1505
Universe.XYZ ğŸŒŒ,universe_xyz,12885
filip.eth,EthFilip,714
CryptoCaptain,alei198634,890
ApeStackin738.eth,ApeStackin,1881
meloziÎ.lyx,Meloziee,808
ROBNESS V2 (WHITEPAPER NOT INCLUDED)ğŸ‡ºğŸ‡¸,robnessofficial,18340
Leo Viti,leovitiart,1696
CryptoSlam!,cryptoslamio,14950
Multi,multivrsstudios,1833
Sven,sven_nft,1794
0xNETOG ğŸŒ,0xNetog,753
Blockpoint,blockpointlabs,817
NBA Top Shot Updates,topshot_updates,65130
ruumz,ruumzNFT,3567
Crypto Cannabis Club,CryptoCannaClub,7883
manifold.xyz,manifoldxyz,5445
Cameron Winklevoss,cameron,577755
Mack ğŸŒ,fearless_cap,1737
Lou,LouDogSports,1409
Jelyn,nftnoobie,4277
Jamie Burke â›ºï¸â›°ğŸ’¯,jamie247,25246
LowLight ğŸŒâ­•ï¸,LowLightSniper,750
Rare Shoe,ShoeRare,1501
BoringBananasCoâ„¢,BoringBananasCo,3432
NBA Top Shottaz ğŸŒğŸ€,NbaTopShottaz,4610
Will Weinraub,willweinraub,3178
path.eth ğŸ›¡ï¸,Cryptopathic,144754
CryptoPunk237.eth,cryptopunk237,1112
Cake Nygard,CakeNygard,2573
Hammond,CryptoHammond,804
Zombie Ape Rich ğŸŒ,DarthJotaro,820
ALÎX,MlNSKA,1239
RookieXBT ğŸ§²,RookieXBT,292526
Deep__Days ğŸŒ,Deep__Days,732
jayaugust.eth ğŸŒ,JayAugust,703
JOMO ğŸŒ,jordanPmorgan,2491
0xProMinter,0xProMinter,1151
D Woo,d__woo,878
"Stan ""The Ape"" ğŸŒ",StanleyMeytin,1149
Autumnbadger,fernybadger,575
bignft,bignftcollector,18407
The Doge Pound,TheDogePoundNFT,22022
AlphaBetty Doodles NFT,alphabettyNFT,4854
Jason.,riceboy42069,4410
"stani.eth (ğŸ‘»,ğŸ»â€â„ï¸)",StaniKulechov,100734
Rumble Kong League,RumbleKongs,7661
ApeLom (LovesOatMilk)ğŸŒ,lovesoatmilk,894
Ozzy,tomosman,9804
Mark Loranger,markloranger,1100
TWOR,thewolfofrapa,680
Mike DAOdas,mdudas,62722
Bitlectro Labs,bitlectro,3372
Smilefckrs,kidfromcruces,855
â“‚ï¸IKÎ KNITTÎL ğŸŒ,LagunitasIQ,1443
Shin,theshinpage,1485
ILLÎWMINATUS ğŸŒ,illewminatus,824
jeevan.Îth ğŸ¸,jeevanpillay,1489
BFC,BellyFlopClub,783
ğŸ’¯ğŸ‘½ğŸ’¯,HyakuPaAlien,721
Galaxy Eggs,galaxy_eggs,767
ICON Buddy,ICXBuddy,4858
gÑÑ”Ñ”ĞºÆ’ÑÑ”Î±Ğº,art4crypto,10949
Nifted,nifted_,3977
Coopahtroopa ğŸ”¥á´—ğŸ”¥,Cooopahtroopa,37950
NFTokin',NFT0KING,695
á—©á’ªá§TTá—© á—°á§á‘EY â‚,money_alotta,22206
CoinDesk,CoinDesk,1916157
CryptoArte,CryptoArte,5484
similar_squash,similar_squash,1203
NFT and DFS CPA,DailyFantasyCPA,7019
YackaBird,BirdYacka,579
pragmatiko.crypto,liamlacasa,831
Sewer Rat Social Club,SewerRats_NFT,5507
Schmidolski,Schmidolski,844
FrÎÎkyCrypto.eth,FreekyCrypto,1158
NFT-Rex âš¡ï¸,rex_nft,749
jeffslobotski.ETH,slobotski,16759
NFT.NYC,NFT_NYC,10815
Krafter.eth ğŸŒ,CryptoKrafter,1038
Nino Sipiano ğŸŒ,NinoSip,1383
Gilles,GilIes,902
Tommy Wilson,tommy_wilson_,4616
Micah Johnson,Micah_Johnson3,18296
Rocky Road,crypto_nowak,665
NFTmachineğŸ¤– || OpeNFT.eth,NFTmachine,17474
Enzo Manneli,EnzoManneli,896
pplpleasr,pplpleasr1,36222
Whale Alert,whale_alert,1403880
LIÅ”ONA âœ¹,iamlirona,19611
Crypto King,JBTheCryptoKing,58936
Pablo,PabloSoriano169,619
Genomic,CryptoGenomic,646
BoredCaroloApe,BoredCaroloApe,791
LGDOUCET,LgDoucet,8622
VÎRNON,Vern_Boy,785
Galaxy Fight Club âš”ï¸,GalaxyFight_NFT,7531
Jordan Exot//c â—‘,Stanley_Studios,1717
Ros Gold-Onwude,ROSGO21,110673
ryggle,humantax,444
BlockFrameNFT,BlockFrameNFT,883
0fish0,jeremydfisher,4476
Trippple G,trippple_g,14452
JoeğŸŒ,topshotjoe,505
Redlioneye.eth,redlioneye13,6844
THE WONDERQUEST,thewonderquest,5417
eXile ğŸ¥ (BAYC #8257),ExileDAO,13608
Austin Quina,GatorMD97,690
ğš”ğšŠğš’ ğŸ¨ğŸ”—ğŸ’¡,kaigani,7703
DrNifty,NiftyDoc,604
Anonymous Fucking Nobody,AFuckingNobody,6979
MetaKovan,MetaKovan,56683
Today in NFTs,todayinNFTs,6054
RyanJK ğŸ¦‡ğŸ”Š,NFT_Ryan,3084
AX473 ğŸ§‚ğŸ‘½â™¥ï¸,0xAX473,1491
revan,revan2359,527
Cryptx Flxki,CryptoFloki,2024
Nifty Nation,nifty_nation,4100
Purrfect Jed,NFTJed,551
loomlock.ethğŸ¤ ğŸ¤ ğŸ¤ ,loomdart,202519
thechaingamer.eth,TheChainGamer,1798
saucy.eth,therealpeterhui,913
Nifty's,Niftys,23816
Matt Hall,matthall2000,9704
Rabbit College Club,RabbitCollegeCl,3613
hun7ar,hun7ar,1489
KungFuHero,KungFuHeroNFT,2958
KashTan,KashTan,1107
David Bianchi,davidbianchi,6764
Chood,chintu30,1067
josie,josiebellini,17089
w1tch.eth ğŸ‘½ğŸ‘½,Cicchelli_Tarot,1953
funghibull.eth,funghibull,3320
Soban,sobylife,27555
Noah Davis,NonFungibleNoah,2491
rssi.ethğŸ¦‡ğŸ”Š,metastash,4555